id;program;family;phone_number;address;start_date;end_date;remark;booking_date;jhi_desc;status;created_date;created_by;last_modified_date;last_modified_by
1;AKHAND_PATH;sticky Assistant viral;Taka;circuit;2020-09-01;2020-09-01;Cedi Intranet;2020-09-02T02:08:03;Fantastic auxiliary Executive;REQUESTED;2020-09-01T14:55:30;Group;2020-09-02T03:19:52;Quality
2;SEHAJ_PATH;payment digital navigate;Taiwan;blue Circle;2020-09-01;2020-09-01;Chair matrix;2020-09-01T21:22:14;Seamless International challenge;BOOKED;2020-09-01T13:13:49;Computer Multi-channelled e-tailers;2020-09-01T15:54:05;Crossroad infomediaries North Carolina
3;SEHAJ_PATH;array Rustic bluetooth;adapter;GB application;2020-09-01;2020-09-01;neural;2020-09-01T18:04:08;bottom-line hard drive;REQUESTED;2020-09-01T20:58:05;Licensed Rubber Keyboard;2020-09-02T02:43:52;JSON compressing Papua New Guinea
4;SEHAJ_PATH;Director;Tuna;Highway Unbranded;2020-09-01;2020-09-02;experiences wireless;2020-09-01T14:40:14;matrices Granite Ball;PAID;2020-09-01T22:52:40;Nevada program;2020-09-01T19:43:19;Rhode Island deposit
5;AKHAND_PATH;Flat wireless;withdrawal Bedfordshire;payment;2020-09-01;2020-09-01;Customer-focused;2020-09-01T13:08:11;implementation;PAID;2020-09-02T01:15:40;Generic Granite Mouse reinvent;2020-09-01T22:24:44;leading-edge
6;AKHAND_PATH;haptic Handmade Money Market Account;Handcrafted Soft Mouse;cultivate multi-byte;2020-09-02;2020-09-01;program Home Loan Account transmitter;2020-09-01T17:30:14;black synthesizing Communications;PAID;2020-09-01T22:09:09;enable RSS Credit Card Account;2020-09-01T13:55:05;Plains
7;AKHAND_PATH;primary;methodologies calculate;enhance 24/7 Computers;2020-09-01;2020-09-01;haptic;2020-09-01T09:48:06;PNG frame;BOOKED;2020-09-01T07:43:40;green;2020-09-01T10:46:04;SMS
8;SEHAJ_PATH;Checking Account Senior Directives;Armenian Dram;viral connect Directives;2020-09-01;2020-09-01;best-of-breed Table;2020-09-01T14:22:20;Sleek Rubber;COMPLETED;2020-09-01T07:41:04;portal knowledge user withdrawal;2020-09-01T12:52:47;Team-oriented primary withdrawal
9;SEHAJ_PATH;Sharable black SAS;Technician;index SAS;2020-09-01;2020-09-01;Security;2020-09-01T12:26:44;green Optimization;REQUESTED;2020-09-01T12:36:34;Awesome Cotton Car Arkansas;2020-09-01T08:12:09;Borders calculating Rubber
10;AKHAND_PATH;Republic of Korea Automotive Incredible;Ergonomic Soft Computer card;Norway generate;2020-09-02;2020-09-02;Nauru;2020-09-01T08:43:36;Credit Card Account capacitor Pants;PAID;2020-09-01T11:10:48;seamless Health Hat;2020-09-02T01:37:55;Savings Account Corporate Avon
